id,created,updated,createdby,trackedentityinstanceid,programid,organisationunitid
11,2022-10-18T12:18:30,2022-10-17T19:33:26,user3,11,11,11
12,2022-10-18T08:54:21,2022-10-18T01:02:35,user3,12,11,11
13,2022-10-18T10:51:08,2022-10-18T11:28:27,user3,13,11,11
14,2022-10-18T05:46:41,2022-10-18T08:25:09,user3,14,11,12
15,2022-10-18T12:12:37,2022-10-18T15:43:13,user3,15,11,12
16,2022-10-18T04:57:54,2022-10-18T04:59:53,user3,16,11,12
17,2022-10-18T00:15:04,2022-10-18T15:40:36,user3,17,11,13
18,2022-10-17T23:31:06,2022-10-17T21:33:10,user3,18,11,13
19,2022-10-17T22:26:22,2022-10-17T23:18:27,user3,19,11,14
20,2022-10-17T17:40:31,2022-10-18T05:36:16,user3,20,11,14
